{
    "Train Accuracy": [
        54.79555555555555,
        66.92,
        70.07111111111111,
        72.78888888888889,
        76.19111111111111,
        77.42222222222222,
        77.19111111111111,
        79.23333333333333,
        79.40666666666667,
        80.13555555555556,
        80.32666666666667,
        82.75555555555556,
        83.83555555555556,
        83.03333333333333,
        84.62666666666667,
        84.10444444444444,
        84.39555555555556,
        85.92888888888889,
        86.03777777777778,
        85.64,
        87.03555555555556,
        87.81111111111112,
        86.99333333333334,
        87.56222222222222,
        88.8488888888889,
        89.10222222222222,
        89.25555555555556,
        89.56222222222222,
        89.54666666666667,
        88.84222222222222
    ],
    "Validation Accuracy": [
        55.18,
        66.42,
        68.98,
        71.34,
        74.14,
        75.04,
        76.48,
        77.02,
        77.58,
        78.52,
        77.4,
        79.8,
        81.02,
        80.52,
        81.54,
        80.8,
        81.14,
        83.48,
        83.42,
        81.58,
        84.24,
        84.16,
        83.46,
        84.06,
        85.38,
        85.02,
        85.48,
        85.12,
        85.24,
        84.72
    ],
    "Test Accuracy": [
        38.21,
        53.03,
        56.53,
        55.91,
        59.01,
        56.71,
        56.42,
        56.8,
        60.05,
        59.34,
        56.45,
        59.57,
        59.27,
        59.02,
        59.88,
        58.48,
        59.65,
        59.85,
        60.76,
        61.66,
        60.96,
        60.79,
        59.21,
        62.35,
        62.37,
        63.25,
        62.29,
        60.62,
        59.84,
        59.7
    ]
}