{
    "Train Accuracy": [
        56.02,
        55.74,
        60.266666666666666,
        65.77555555555556,
        72.92444444444445,
        76.17333333333333,
        78.08222222222223,
        85.24222222222222,
        88.37555555555555,
        87.82666666666667,
        93.0,
        94.86,
        94.3,
        96.56222222222222,
        97.80666666666667,
        81.12,
        97.86444444444444,
        98.5911111111111,
        98.63111111111111,
        96.28666666666666,
        98.44222222222223,
        98.32444444444444,
        99.19111111111111,
        98.84222222222222,
        99.11333333333333,
        99.05555555555556,
        99.05777777777777,
        99.4888888888889,
        99.33555555555556,
        91.24666666666667
    ],
    "Validation Accuracy": [
        55.02,
        53.58,
        58.62,
        63.26,
        69.3,
        71.14,
        72.72,
        78.22,
        80.76,
        80.2,
        84.84,
        85.36,
        84.52,
        86.34,
        87.92,
        73.8,
        88.1,
        88.44,
        88.46,
        86.08,
        88.7,
        87.78,
        88.64,
        88.66,
        89.22,
        88.7,
        89.1,
        89.26,
        89.54,
        81.5
    ],
    "Test Accuracy": [
        44.04,
        41.92,
        44.54,
        47.59,
        52.86,
        49.86,
        52.49,
        58.32,
        57.08,
        54.99,
        58.39,
        56.54,
        54.8,
        56.32,
        56.5,
        50.52,
        57.97,
        56.58,
        57.55,
        56.08,
        56.46,
        57.15,
        57.47,
        58.15,
        55.98,
        56.77,
        58.03,
        57.49,
        56.35,
        52.14
    ]
}