{
    "Train Accuracy": [
        60.02444444444444,
        66.26,
        69.5111111111111,
        74.2088888888889,
        74.7,
        76.77333333333333,
        79.11333333333333,
        78.36,
        80.23555555555555,
        81.71333333333334,
        82.42444444444445,
        82.86222222222223,
        84.18,
        83.64222222222222,
        81.80666666666667,
        85.31333333333333,
        85.53333333333333,
        84.86222222222223,
        86.07777777777778,
        86.2688888888889,
        86.88444444444444,
        86.76,
        88.04888888888888,
        88.16,
        87.94888888888889,
        88.98666666666666,
        87.90222222222222,
        88.81777777777778,
        89.25111111111111,
        89.18
    ],
    "Validation Accuracy": [
        59.46,
        65.22,
        69.46,
        72.86,
        73.88,
        76.04,
        77.52,
        77.82,
        79.26,
        78.84,
        80.46,
        81.2,
        82.2,
        80.88,
        79.54,
        82.36,
        83.28,
        82.32,
        82.86,
        83.3,
        83.9,
        84.72,
        85.18,
        84.88,
        84.82,
        85.88,
        84.54,
        85.68,
        86.34,
        85.92
    ],
    "Test Accuracy": [
        46.33,
        50.2,
        55.04,
        56.62,
        56.8,
        57.54,
        58.99,
        57.39,
        59.57,
        59.96,
        59.61,
        58.36,
        60.65,
        59.9,
        59.48,
        60.46,
        61.56,
        59.91,
        61.07,
        60.64,
        61.41,
        59.89,
        61.62,
        61.88,
        60.6,
        61.59,
        59.26,
        59.68,
        61.15,
        59.09
    ]
}