{
    "Train Accuracy": [
        74.86,
        81.78444444444445,
        90.2911111111111,
        93.38666666666667,
        93.5911111111111,
        96.85555555555555,
        97.7088888888889,
        96.98222222222222,
        98.17333333333333,
        99.09333333333333,
        97.78222222222222,
        99.22888888888889,
        98.87333333333333,
        99.61777777777777,
        99.5,
        99.3,
        99.57777777777778,
        99.39111111111112,
        99.73555555555555,
        99.49777777777778,
        99.62666666666667,
        99.74222222222222,
        99.78888888888889,
        99.77333333333333,
        99.83555555555556,
        99.92,
        99.64,
        99.91333333333333,
        99.94666666666667,
        99.94
    ],
    "Validation Accuracy": [
        71.94,
        76.7,
        82.92,
        84.8,
        83.86,
        87.32,
        87.66,
        86.9,
        88.4,
        89.8,
        87.78,
        89.52,
        89.06,
        90.4,
        89.52,
        89.02,
        89.82,
        89.5,
        90.0,
        90.46,
        90.34,
        91.14,
        91.12,
        91.12,
        90.76,
        91.86,
        90.14,
        92.06,
        91.94,
        91.3
    ],
    "Test Accuracy": [
        52.84,
        56.8,
        58.26,
        60.6,
        56.96,
        59.63,
        58.87,
        58.54,
        60.48,
        61.64,
        60.2,
        60.59,
        61.41,
        60.32,
        60.54,
        61.29,
        60.18,
        61.03,
        61.28,
        60.79,
        60.49,
        60.4,
        60.87,
        62.46,
        61.26,
        61.01,
        59.5,
        60.97,
        62.11,
        60.97
    ]
}