{
    "Train Accuracy": [
        56.84
    ],
    "Train Loss": [
        1.2035193407535554
    ],
    "Test Accuracy": [
        55.06
    ],
    "Test Loss": [
        1.240078111076355
    ]
}