{
    "Train Accuracy": [
        59.79333333333334,
        64.85777777777778,
        71.87333333333333,
        73.17555555555556,
        75.48666666666666,
        76.64,
        77.54666666666667,
        78.53111111111112,
        79.90222222222222,
        78.76444444444445,
        81.56222222222222,
        82.37777777777778,
        82.46222222222222,
        82.62,
        83.79555555555555,
        85.27111111111111,
        85.16,
        85.14666666666666,
        85.4,
        86.76444444444445,
        84.84,
        87.49777777777778,
        86.41111111111111,
        87.44666666666667,
        88.10222222222222,
        88.31555555555556,
        87.76222222222222,
        88.49777777777778,
        87.19333333333333,
        88.82
    ],
    "Validation Accuracy": [
        59.68,
        65.16,
        71.72,
        72.5,
        74.28,
        74.56,
        76.18,
        76.92,
        78.32,
        76.9,
        80.86,
        79.68,
        80.08,
        80.44,
        80.1,
        82.18,
        82.92,
        82.54,
        82.54,
        82.8,
        82.4,
        84.8,
        82.36,
        84.72,
        84.64,
        84.72,
        84.06,
        84.6,
        84.54,
        85.88
    ],
    "Test Accuracy": [
        45.08,
        51.58,
        53.63,
        59.95,
        56.12,
        56.28,
        60.48,
        59.03,
        61.73,
        60.84,
        58.82,
        61.78,
        62.36,
        59.68,
        59.04,
        59.72,
        62.57,
        62.14,
        60.99,
        61.21,
        64.28,
        62.32,
        62.11,
        60.13,
        61.2,
        60.18,
        62.31,
        61.39,
        63.6,
        63.32
    ]
}